id,title,description,image_link,link,product_type,brand,price,availability,item_group_id,checkout_url,additional_image_link,sale_price_effective_date,sale_price,condition,visibility,gender,color,size,pattern,google_product_category,default_product,variant
SHSUP-TB00001_177,"CBD Patches | Pack of 30 | 24-Hour Relief | 24mg CBD Isolate | Convenient - Discreet - Targeted Application","Discover targeted relief with CBD Patches. Each pack includes 12 patches with 24mg CBD isolate for 24-hour support. Easy to use and discreet.",http://localhost/sincehencestore/wp-content/uploads/2024/06/184827848452.png,http://localhost/sincehencestore/product/pain-relief-24mg-extra-strength-patches-30-pack/,"525","SinceHence Suppliments",129.95USD,in stock,SHSUP-TB00001_177,,,1970-01-29T00:00+00:00/2038-01-17T23:59+00:00,64.95USD,new,published,,,,,,,
SHSUP-TB00002_175,"CBD Patches | Pack of 12 | 24-Hour Relief | 24mg CBD Isolate | Convenient - Discreet - Targeted Application","Discover targeted relief with CBD Patches. Each pack includes 12 patches with 24mg CBD isolate for 24-hour support. Easy to use and discreet.",http://localhost/sincehencestore/wp-content/uploads/2024/06/210005767551.png,http://localhost/sincehencestore/product/pain-relief-24mg-extra-strength-patches-12-pack/,"525","SinceHence Suppliments",59.95USD,in stock,SHSUP-TB00002_175,,,1970-01-29T00:00+00:00/2038-01-17T23:59+00:00,29.95USD,new,published,,,,,,,
SHSUP-TB00003_173,"CBD Patches | Pack of 6 | 24-Hour Relief | 24mg CBD Isolate | Convenient - Discreet - Targeted Application","Discover targeted relief with CBD Patches. Each pack includes 12 patches with 24mg CBD isolate for 24-hour support. Easy to use and discreet.",http://localhost/sincehencestore/wp-content/uploads/2024/06/4809285250.png,http://localhost/sincehencestore/product/pain-relief-24mg-extra-strength-patches-6-pack/,"525","SinceHence Suppliments",29.95USD,in stock,SHSUP-TB00003_173,,,1970-01-29T00:00+00:00/2038-01-17T23:59+00:00,14.95USD,new,published,,,,,,,
SHSUP-TB00004_171,"Bio Frequency Pain Relief Patches | Drug-Free Pain Relief for Back - Neck - Knee Pain | Non-Invasive Pain Management","Discover immediate relief from soreness with Bio Frequency Pain Patches â€“ natural ingredients & bio-frequency technology combined for effective pain management.",http://localhost/sincehencestore/wp-content/uploads/2024/06/92062759749.png,http://localhost/sincehencestore/product/the-pain-patch/,"525","SinceHence Suppliments",49.95USD,in stock,SHSUP-TB00004_171,,,1970-01-29T00:00+00:00/2038-01-17T23:59+00:00,25.95USD,new,published,,,,,,,
SHSUP-TB00005_169,"Pain Relief Cream | 250MG CBD Isolate | Fast-Acting | Soothing | Cruelty-Free | Made in USA","Discover fast-acting comfort with our CBD Relief Cream - a perfect blend of natural ingredients designed to target soreness and enhance skin health.",http://localhost/sincehencestore/wp-content/uploads/2024/06/39694949848.png,http://localhost/sincehencestore/product/pain-relief-cream-jar/,"525","SinceHence Suppliments",45.95USD,in stock,SHSUP-TB00005_169,,,1970-01-29T00:00+00:00/2038-01-17T23:59+00:00,27.95USD,new,published,,,,,,,
SHSUP-TB00006_167,"Pain Relief Patches | 8mg Topical CBD Patches | Pain Relief | Reduced Inflammation | Improved Sleep","Experience sustained well-being with Sincere Supplementsâ€™ CBD Patchesâ€”easy-to-use topicals offering pure hemp-derived support in every patch. ðŸŒ¿",http://localhost/sincehencestore/wp-content/uploads/2024/06/pain-relief-patches-mockup.png,http://localhost/sincehencestore/product/pain-relief-patches/,"525","SinceHence Suppliments",49.95USD,in stock,SHSUP-TB00006_167,,,1970-01-29T00:00+00:00/2038-01-17T23:59+00:00,24.95USD,new,published,,,,,,,
SHSUP-TB00007_165,"CBD Veggie Caps â€“ 300MG | Pain Relief Suppliments | Vegan | GMO-Free | Made in USA","Discover pure hemp wellness with our 720MG CBD Patches - perfect for sustained release & discreet daily support. Shop now for natural balance! ðŸŒ¿",http://localhost/sincehencestore/wp-content/uploads/2024/06/89098701946.png,http://localhost/sincehencestore/product/pain-relief-capsule-single-bottle/,"525","SinceHence Suppliments",49.95USD,in stock,SHSUP-TB00007_165,,,1970-01-29T00:00+00:00/2038-01-17T23:59+00:00,25.95USD,new,published,,,,,,,
SHSUP-TB00008_163,"Peppermint CBD Oil | Pain Relief  | 500MG | Refreshing Peppermint Flavor | GMO-Free | Made in USA","Discover fast-acting comfort with our CBD Relief Cream - a perfect blend of natural ingredients designed to target soreness and enhance skin health. ðŸŒ¿",http://localhost/sincehencestore/wp-content/uploads/2024/06/142361237745.png,http://localhost/sincehencestore/product/pain-relief-oil-single-bottle/,"525","SinceHence Suppliments",59.95USD,in stock,SHSUP-TB00008_163,,,1970-01-29T00:00+00:00/2038-01-17T23:59+00:00,29.95USD,new,published,,,,,,,
SHSUP-TB00009_161,"Focus Patches | 30 Days Topical Skin Patches | Enhance Focus and Mental Clarity | Natural Ingredients","Boost concentration & enhance cognitive function with Sincere Science Focus Patches - natural ingredient-infused topical solution for sustained mental sharpness",http://localhost/sincehencestore/wp-content/uploads/2024/06/145428219344.png,http://localhost/sincehencestore/product/focus-patches-30-day/,"525","SinceHence Suppliments",59.95USD,in stock,SHSUP-TB00009_161,,,1970-01-29T00:00+00:00/2038-01-17T23:59+00:00,29.95USD,new,published,,,,,,,
SHSUP-TB00010_159,"Focus Patches | 15 Days Topical Skin Patches | Enhance Focus and Mental Clarity | Natural Ingredients","Boost concentration & enhance cognitive function with Sincere Science Focus Patches - natural ingredient-infused topical solution for sustained mental sharpness.",http://localhost/sincehencestore/wp-content/uploads/2024/06/66534241843.png,http://localhost/sincehencestore/product/focus-patches-15-day/,"525","SinceHence Suppliments",29.95USD,in stock,SHSUP-TB00010_159,,,1970-01-29T00:00+00:00/2038-01-17T23:59+00:00,14.95USD,new,published,,,,,,,
SHSUP-TB00011_157,"Focus Patches | 3 Days Topical Skin Patches | Enhance Focus and Mental Clarity | Natural Ingredients","Boost concentration & enhance cognitive function with Sincere Science Focus Patches - natural ingredient-infused topical solution for sustained mental sharpness.",http://localhost/sincehencestore/wp-content/uploads/2024/06/10338996342.png,http://localhost/sincehencestore/product/focus-patches-3-day/,"525","SinceHence Suppliments",9.95USD,in stock,SHSUP-TB00011_157,,,1970-01-29T00:00+00:00/2038-01-17T23:59+00:00,7.95USD,new,published,,,,,,,
SHSUP-TB00012_155,"Brain Support Capsules | Blood Sugar Support | Natural Dietary Supplement","Support healthy blood sugar levels with Blood Sugar Support by SinceHence Supplements. A powerful blend of vitamins, minerals, and herbal extracts. GMO-free and vegan-friendly.",http://localhost/sincehencestore/wp-content/uploads/2024/06/43843698541.png,http://localhost/sincehencestore/product/brain-support-capsules/,"525","SinceHence Suppliments",49.95USD,in stock,SHSUP-TB00012_155,,,1970-01-29T00:00+00:00/2038-01-17T23:59+00:00,24.95USD,new,published,,,,,,,
SHSUP-TB00013_153,"Blood Sugar Suppliments | Natural Suppliments |  Blood Sugar Support | 60 Capsules","Support healthy blood sugar levels naturally with SinceHence Supplements Blood Sugar Support. Packed with essential vitamins, minerals, and herbal extracts",http://localhost/sincehencestore/wp-content/uploads/2024/06/156366347840.png,http://localhost/sincehencestore/product/blood-sugar-capsules/,"525","SinceHence Suppliments",49.95USD,in stock,SHSUP-TB00013_153,,,1970-01-29T00:00+00:00/2038-01-17T23:59+00:00,24.95USD,new,published,,,,,,,
SHSUP-TB00014_151,"Berberine Complex | Natural Dietary Supplement | 60 Capsules | Overall Wellness | Healthy Blood Sugar | Metabolic Health","Discover Berberine Complex by SinceHence Supplements, a powerful blend of Berberine HCI, Bitter Melon, and Banaba Leaf to support your health. GMO-free and vegan-friendly.",http://localhost/sincehencestore/wp-content/uploads/2024/06/83018918739.png,http://localhost/sincehencestore/product/berberine-capsules/,"525","SinceHence Suppliments",79.95USD,in stock,SHSUP-TB00014_151,,,1970-01-29T00:00+00:00/2038-01-17T23:59+00:00,39.95USD,new,published,,,,,,,
SHSUP-TB00015_149,"Uritic Acid Formula | Support Your Kidney and Gallbladder Health | Rich in Antioxidants and Vitamin C | 60 Capsules","Boost your thyroid health naturally with our Thyroid Support Formula containing essential nutrients & herbs in just one capsule!",http://localhost/sincehencestore/wp-content/uploads/2024/06/132041932038.png,http://localhost/sincehencestore/product/uric-acid-capsules/,"525","SinceHence Suppliments",59.95USD,in stock,SHSUP-TB00015_149,,,1970-01-29T00:00+00:00/2038-01-17T23:59+00:00,29.95USD,new,published,,,,,,,
SHSUP-TB00016_147,"Garcinia Complex | Potent Garcinia Cambogia Extract | 60 Capsules | Weight Management Support","Unlock natural weight management with SuperHero Supplementsâ€™Â Garcinia ComplexÂ â€“ featuring pure Garcinia Cambogia extract plus Vitamin C for enhanced vitality.",http://localhost/sincehencestore/wp-content/uploads/2024/06/158032986337.png,http://localhost/sincehencestore/product/garcinia-cambogia-capsules/,"525","SinceHence Suppliments",34.95USD,in stock,SHSUP-TB00016_147,,,1970-01-29T00:00+00:00/2038-01-17T23:59+00:00,17.95USD,new,published,,,,,,,
SHSUP-TB00017_145,"Digestive Enzyme Formula | 20 Potent Enzymes | Optimal Digestion | 60 Capsules | Supports Gluten Digestion | Plant-Based | Vegan","Discover Superb Supplementsâ€™ Digestive Enzyme Formula for improved digestion. Vegan-friendly and made with plant-based enzymes for optimal gut health.",http://localhost/sincehencestore/wp-content/uploads/2024/06/198132218136.png,http://localhost/sincehencestore/product/digestive-enzyme-capsules/,"525","SinceHence Suppliments",49.95USD,in stock,SHSUP-TB00017_145,,,1970-01-29T00:00+00:00/2038-01-17T23:59+00:00,24.95USD,new,published,,,,,,,
SHSUP-TB00018_143,"Thyroid Support Suppliments | Simply Nature Supplements | 60 Capsules | Natural Ingredients","Boost your thyroid health naturally with our Thyroid Support Formula containing essential nutrients & herbs in just one capsule!",http://localhost/sincehencestore/wp-content/uploads/2024/06/162139758035.png,http://localhost/sincehencestore/product/thyroid-support-capsules/,"525","SinceHence Suppliments",44.95USD,in stock,SHSUP-TB00018_143,,,1970-01-29T00:00+00:00/2038-01-17T23:59+00:00,22.95USD,new,published,,,,,,,
SHSUP-TB00019_141,"Choless Suppliment |  Cholesterol Control Formula | 60 Vegan Capsules | Natural Ingredients","Experience sustained wellness with Science Supplementsâ€™ CBD Patches â€“ easy-to-apply topical patches delivering consistent hemp-derived support.",http://localhost/sincehencestore/wp-content/uploads/2024/06/65760187434.png,http://localhost/sincehencestore/product/choless-capsules/,"525","SinceHence Suppliments",49.95USD,in stock,SHSUP-TB00019_141,,,1970-01-29T00:00+00:00/2038-01-17T23:59+00:00,24.95USD,new,published,,,,,,,
SHSUP-TB00020_139,"Liver-Plast Detox Support Suppliments | Natural Liver Health Formula | 60 Vegan Capsules","Support liver health and detoxification with our Liver-Plast Detox Support Capsules. Natural ingredients, antioxidants, and enzymes for optimal liver function.",http://localhost/sincehencestore/wp-content/uploads/2024/06/8345331533.png,http://localhost/sincehencestore/product/liver-plast-capsules/,"525","SinceHence Suppliments",59.95USD,in stock,SHSUP-TB00020_139,,,1970-01-29T00:00+00:00/2038-01-17T23:59+00:00,29.95USD,new,published,,,,,,,
SHSUP-TB00021_137,"Leg Cramp Relief Cream | Soothe | Relieve Muscle Cramps | Improve Circulation | Relax Muscles","Find fast relief from leg muscle spasms with our natural Leg Cramp Cream â€“ perfect for athletes or nighttime relief in a convenient 1.7 fl oz size.",http://localhost/sincehencestore/wp-content/uploads/2024/06/169022543832.png,http://localhost/sincehencestore/product/leg-cramp-cream/,"525","SinceHence Suppliments",34.95USD,in stock,SHSUP-TB00021_137,,,1970-01-29T00:00+00:00/2038-01-17T23:59+00:00,17.95USD,new,published,,,,,,,
SHSUP-TB00022_135,"Sleep Time Pillow Spray | Lavender Scent | Relaxation and Enhanced Sleep Quality","Discover Sweet Silenceâ€™s Sleep Time Pillow Spray for a natural way to enhance your sleep qualityâ€”calm your mind and enjoy restful nights effortlessly.",http://localhost/sincehencestore/wp-content/uploads/2024/06/47271884131.png,http://localhost/sincehencestore/product/sleep-pillow-spray/,"525","SinceHence Suppliments",29.95USD,in stock,SHSUP-TB00022_135,,,1970-01-29T00:00+00:00/2038-01-17T23:59+00:00,15.95USD,new,published,,,,,,,
SHSUP-TB00023_133,"Sleep Patches | 30 Days Pack | Achieve a Restful Night Sleep | Natural Ingredients","Discover better rest with Sincere Supplementsâ€™ Sleep Patches â€“ an all-natural blend of Valerian, Passion Flower & Hops extracts in easy-to-use topical patches.",http://localhost/sincehencestore/wp-content/uploads/2024/06/161310197330.png,http://localhost/sincehencestore/product/sleep-patch-30-days-pack/,"525","SinceHence Suppliments",54.95USD,in stock,SHSUP-TB00023_133,,,1970-01-29T00:00+00:00/2038-01-17T23:59+00:00,27.95USD,new,published,,,,,,,
SHSUP-TB00024_131,"Sleep Patches | 15 Day Pack | Achieve a Restful Night Sleep | Natural Ingredients","Discover better rest with Sincere Supplementsâ€™ Sleep Patches â€“ an all-natural blend of Valerian, Passion Flower & Hops extracts in easy-to-use topical patches.",http://localhost/sincehencestore/wp-content/uploads/2024/06/40070780329.png,http://localhost/sincehencestore/product/sleep-patch-15-days-pack/,"525","SinceHence Suppliments",29.95USD,in stock,SHSUP-TB00024_131,,,1970-01-29T00:00+00:00/2038-01-17T23:59+00:00,14.95USD,new,published,,,,,,,
SHSUP-TB00025_129,"Sleep Patches | 3 Day Pack | Achieve a Restful Night Sleep | Natural Ingredients","Discover better rest with Sincere Supplementsâ€™ Sleep Patches â€“ an all-natural blend of Valerian, Passion Flower & Hops extracts in easy-to-use topical patches.",http://localhost/sincehencestore/wp-content/uploads/2024/06/175516015428.png,http://localhost/sincehencestore/product/sleep-patch-3-days-trial-pack/,"525","SinceHence Suppliments",9.95USD,in stock,SHSUP-TB00025_129,,,1970-01-29T00:00+00:00/2038-01-17T23:59+00:00,7.95USD,new,published,,,,,,,
SHSUP-TB00026_127,"Hair Growth Serum | Hair-Skin-Nails Supplement Combo | Ultimate Health","Discover thicker & healthier hair with SweetHeavenâ€™s Hair Growth Serum â€“ enriched with Biotin & Argan Oil for natural beauty enhancement & protection.",http://localhost/sincehencestore/wp-content/uploads/2024/06/Hair-Restoration-Ultimate-Combo-mockup.png,http://localhost/sincehencestore/product/hair-restoration-ultimate-combo/,"525","SinceHence Suppliments",99.95USD,in stock,SHSUP-TB00026_127,,,1970-01-29T00:00+00:00/2038-01-17T23:59+00:00,49.95USD,new,published,,,,,,,
SHSUP-TB00027_125,"Hair Growth Caps | 30 Count | Hair - Skin - Nails Advanced Formula","Boost your beauty from within with Swisse Hair Skin Nails+; natural ingredients for stronger nails, radiant skin & healthy hair growth in just 30 days.",http://localhost/sincehencestore/wp-content/uploads/2024/06/97897148126.png,http://localhost/sincehencestore/product/hair-growth-caps-30-count/,"525","SinceHence Suppliments",49.95USD,in stock,SHSUP-TB00027_125,,,1970-01-29T00:00+00:00/2038-01-17T23:59+00:00,24.95USD,new,published,,,,,,,
SHSUP-TB00028_123,"Hair Growth Serum | 60ml | Revitalize and Strengthen Hair | Natural Ingredients | Fuller - Healthier Hair","Discover thicker & healthier hair with Sweet Sunshineâ€™s Hair Growth Serum - enriched with natural extracts & vitamins for optimal scalp health.",http://localhost/sincehencestore/wp-content/uploads/2024/06/209720345925.png,http://localhost/sincehencestore/product/hair-serum-60ml/,"525","SinceHence Suppliments",59.95USD,in stock,SHSUP-TB00028_123,,,1970-01-29T00:00+00:00/2038-01-17T23:59+00:00,30.95USD,new,published,,,,,,,
SHSUP-TB00029_121,"CBD Patches | 30 Pack | 24mg Extra Strength | Long-Lasting Relief | Convenient | Discreet","Experience 24-hour relief with SinceHence Supplements' CBD Patches. Each pack includes 30 patches with 24mg CBD isolate for continuous support. Easy to use and discreet.",http://localhost/sincehencestore/wp-content/uploads/2024/06/179139578624.png,http://localhost/sincehencestore/product/cbd-24mg-extra-strength-patches-30-pack/,"525","SinceHence Suppliments",129.95USD,in stock,SHSUP-TB00029_121,,,1970-01-29T00:00+00:00/2038-01-17T23:59+00:00,64.95USD,new,published,,,,,,,
SHSUP-TB00030_119,"CBD Patches | 12 Pack | 24mg Extra Strength | Long-Lasting Relief | Convenient | Discreet","Experience 24-hour relief with SinceHence Supplements' CBD Patches. Each pack includes 30 patches with 24mg CBD isolate for continuous support. Easy to use and discreet.",http://localhost/sincehencestore/wp-content/uploads/2024/06/129066798523.png,http://localhost/sincehencestore/product/cbd-24mg-extra-strength-patches-12-pack/,"525","SinceHence Suppliments",59.95USD,in stock,SHSUP-TB00030_119,,,1970-01-29T00:00+00:00/2038-01-17T23:59+00:00,29.95USD,new,published,,,,,,,
SHSUP-TB00031_117,"CBD Patches | 6 Pack | 24mg Extra Strength | Long-Lasting Relief | Convenient | Discreet","Experience 24-hour relief with SinceHence Supplements' CBD Patches. Each pack includes 30 patches with 24mg CBD isolate for continuous support. Easy to use and discreet.",http://localhost/sincehencestore/wp-content/uploads/2024/06/124494559022.png,http://localhost/sincehencestore/product/cbd-24mg-extra-strength-patches-6-pack/,"525","SinceHence Suppliments",29.95USD,in stock,SHSUP-TB00031_117,,,1970-01-29T00:00+00:00/2038-01-17T23:59+00:00,14.95USD,new,published,,,,,,,
SHSUP-TB00032_115,"Hangover Patches | 60 Patches | Party Pack  | Ultimate Hangover Relief","Discover Swole Supplementsâ€™ Hang Over Patches: Your secret weapon against hangovers with 60 NAC-infused topical patches for fast recovery & detoxification.",http://localhost/sincehencestore/wp-content/uploads/2024/06/18442374121.png,http://localhost/sincehencestore/product/hangover-patches-party-pack-60/,"525","SinceHence Suppliments",99.95USD,in stock,SHSUP-TB00032_115,,,1970-01-29T00:00+00:00/2038-01-17T23:59+00:00,49.95USD,new,published,,,,,,,
SHSUP-TB00033_113,"Hangover Patches | 30 Patches | Ultimate Hangover Relief","Discover Swole Supplementsâ€™ Hang Over Patches: Your secret weapon against hangovers with 60 NAC-infused topical patches for fast recovery & detoxification.",http://localhost/sincehencestore/wp-content/uploads/2024/06/50898479720.png,http://localhost/sincehencestore/product/hangover-patches-30-pack/,"525","SinceHence Suppliments",59.95USD,in stock,SHSUP-TB00033_113,,,1970-01-29T00:00+00:00/2038-01-17T23:59+00:00,29.95USD,new,published,,,,,,,
SHSUP-TB00034_111,"Hangover Patches | 15 Patches | Ultimate Hangover Relief","Discover Swole Supplementsâ€™ Hang Over Patches: Your secret weapon against hangovers with 60 NAC-infused topical patches for fast recovery & detoxification.",http://localhost/sincehencestore/wp-content/uploads/2024/06/27161639019.png,http://localhost/sincehencestore/product/hangover-patches-15-pack/,"525","SinceHence Suppliments",29.95USD,in stock,SHSUP-TB00034_111,,,1970-01-29T00:00+00:00/2038-01-17T23:59+00:00,15.95USD,new,published,,,,,,,
SHSUP-TB00035_109,"Hangover Patches | 6 Patches | Ultimate Hangover Relief","Discover Swole Supplementsâ€™ Hang Over Patches: Your secret weapon against hangovers with 60 NAC-infused topical patches for fast recovery & detoxification.",http://localhost/sincehencestore/wp-content/uploads/2024/06/172995248416.png,http://localhost/sincehencestore/product/hangover-patches-6-pack/,"525","SinceHence Suppliments",14.95USD,in stock,SHSUP-TB00035_109,,,1970-01-29T00:00+00:00/2038-01-17T23:59+00:00,10.95USD,new,published,,,,,,,
SHSUP-TB00036_107,"Hangover Patches | 3 Count | Ultimate Hangover Relief","Discover Swole Supplementsâ€™ Hang Over Patches: Your secret weapon against hangovers with 60 NAC-infused topical patches for fast recovery & detoxification.",http://localhost/sincehencestore/wp-content/uploads/2024/06/Hangover-Patches-3-pack-mockup.png,http://localhost/sincehencestore/product/hangover-patches-3-pack/,"525","SinceHence Suppliments",9.95USD,in stock,SHSUP-TB00036_107,,,1970-01-29T00:00+00:00/2038-01-17T23:59+00:00,7.95USD,new,published,,,,,,,
SHSUP-TB00037_105,"CBD Oil | Dog and Cat | 500MG | Calming Support for Pets | GMO-free formula","Enhance your petâ€™s health naturally with SnoutHavenâ€™s Dog & Cat CBD Oil â€“ perfect for easing stress and promoting well-being in furry family members.",http://localhost/sincehencestore/wp-content/uploads/2024/06/190494213914.png,http://localhost/sincehencestore/product/cbd-oil-single-bottlecats-dogs/,"525","SinceHence Suppliments",59.95USD,in stock,SHSUP-TB00037_105,,,1970-01-29T00:00+00:00/2038-01-17T23:59+00:00,30.95USD,new,published,,,,,,,
SHSUP-TB00038_103,"Potency Patches | Natural Pain Relief | Immune System Support | 30 Day Supply | Men Health","Boost your well-being naturally with Success Supplementsâ€™ Potency Patches - 30 topical herbal extract patches for enhanced vitality and absorption.",http://localhost/sincehencestore/wp-content/uploads/2024/06/148842258513.png,http://localhost/sincehencestore/product/potency-boosting-patches/,"525","SinceHence Suppliments",49.95USD,in stock,SHSUP-TB00038_103,,,1970-01-29T00:00+00:00/2038-01-17T23:59+00:00,25.95USD,new,published,,,,,,,
SHSUP-TB00039_101,"N02 Nitric Oxide | Natural Vasodilator | For Energy and Performance | 60 Capsules","Boost your workouts naturalaly with NO2 Nitric Oxide supplements â€“ expertly formulated for increased performance & muscle growth in just one capsule!",http://localhost/sincehencestore/wp-content/uploads/2024/06/159711126712.png,http://localhost/sincehencestore/product/nitric-oxide-boost-single-bottle/,"525","SinceHence Suppliments",55.95USD,in stock,SHSUP-TB00039_101,,,1970-01-29T00:00+00:00/2038-01-17T23:59+00:00,28.95USD,new,published,,,,,,,
SHSUP-TB00040_99,"Testosterone Advanced Formula | Increase Testosterone Levels | 60 Capsules","Discover StrongHouseâ€™s TestoBoost - the ultimate testosterone support formula designed for men seeking enhanced performance and vitality.",http://localhost/sincehencestore/wp-content/uploads/2024/06/207827443611.png,http://localhost/sincehencestore/product/testosterone-boost-capsules-single-bottle/,"525","SinceHence Suppliments",59.95USD,in stock,SHSUP-TB00040_99,,,1970-01-29T00:00+00:00/2038-01-17T23:59+00:00,30.95USD,new,published,,,,,,,
SHSUP-TB00041_97,"Advanced Skin Toning Serum | Brighten Skin | Antioxidant","Rejuvenate your skin with SinceHence Supplements Vitamin C Serum. Brighten, hydrate, and reduce wrinkles with our potent anti-aging formula.",http://localhost/sincehencestore/wp-content/uploads/2024/06/148902672110.png,http://localhost/sincehencestore/product/vitamin-c-skin-toning-serum/,"525","SinceHence Suppliments",44.95USD,in stock,SHSUP-TB00041_97,,,1970-01-29T00:00+00:00/2038-01-17T23:59+00:00,22.95USD,new,published,,,,,,,
SHSUP-TB00042_95,"Instant Eye Lift Serum for Fine Lines and Puffiness  | Potent Blend of Ingredients","Discover Singuladermâ€™s Instant Eye-Lift Serum for a youthful gazeâ€”reduces fine lines & under-eye bags with an advanced anti-aging formula in just 0.52 oz/15ml.",http://localhost/sincehencestore/wp-content/uploads/2024/06/9465164429.png,http://localhost/sincehencestore/product/instant-eye-lift-serum-single-bottle/,"525","SinceHence Suppliments",49.95USD,in stock,SHSUP-TB00042_95,,,1970-01-29T00:00+00:00/2038-01-17T23:59+00:00,25.95USD,new,published,,,,,,,
SHSUP-TB00043_93,"Anti-Wrinkle Face Cream | Natural Ingredients | Cream Jar | Paraben-free","Revitalize your skin with SinceHence Supplements Anti-Wrinkle Face Cream. Reduce fine lines and wrinkles while deeply hydrating your skin. Ideal for sensitive skin.",http://localhost/sincehencestore/wp-content/uploads/2024/06/7004214908.png,http://localhost/sincehencestore/product/beauty-face-cream-single-jar/,"525","SinceHence Suppliments",59.95USD,in stock,SHSUP-TB00043_93,,,1970-01-29T00:00+00:00/2038-01-17T23:59+00:00,30.95USD,new,published,,,,,,,
SHSUP-TB00044_91,"CBD Relief Cream | 250MG | Fast-Acting | Soothing Muscle & Joint Discomfort Relief |  Cruelty-Free with Peppermint Oil & Menthol","Discover our potent 250mg CBD Relief Cream for targeted relief and comfort without harsh chemicals or additivesâ€”your natural choice for well-being.",http://localhost/sincehencestore/wp-content/uploads/2024/06/13405533537.png,http://localhost/sincehencestore/product/cbd-cream-jar/,"525","SinceHence Suppliments",45.95USD,in stock,SHSUP-TB00044_91,,"http://localhost/sincehencestore/wp-content/uploads/2024/06/CBD-Cream-Jar-mockup-with-background.jpg,http://localhost/sincehencestore/wp-content/uploads/2024/06/CBD-Cream-Jar-mockup-manuinfo.jpg,http://localhost/sincehencestore/wp-content/uploads/2024/06/CBD-Cream-Jar-mockup-label.jpg",1970-01-29T00:00+00:00/2038-01-17T23:59+00:00,27.95USD,new,published,,,,,,,
SHSUP-TB00045_89,"CBD Patches - 8MG CBD Isolate Per Patch - 30 Patches - Long-Lasting 24-Hour Relief - Easy Application, Minimal Skin Irritation","Experience sustained wellness with Science Supplementsâ€™ CBD Patches â€“ easy-to-apply topical patches delivering consistent hemp-derived support.",http://localhost/sincehencestore/wp-content/uploads/2024/06/12238830116.png,http://localhost/sincehencestore/product/cbd-patches/,"525","SinceHence Suppliments",49.95USD,in stock,SHSUP-TB00045_89,,,1970-01-29T00:00+00:00/2038-01-17T23:59+00:00,25.95USD,new,published,,,,,,,
SHSUP-TB00046_87,"CBD Veggie Caps - 10MG CBD Isolate Per Capsule - 300MG Total - Vegan, GMO-Free, Made in the USA","Discover SinceHence Supplements CBD Veggie Caps. Each vegan-friendly capsule contains 10mg of pure CBD isolate from hemp. Support your wellness naturally.",http://localhost/sincehencestore/wp-content/uploads/2024/06/10636617585.png,http://localhost/sincehencestore/product/cbd-capsule-single-bottle/,"525","SinceHence Suppliments",49.95USD,in stock,SHSUP-TB00046_87,,,1970-01-29T00:00+00:00/2038-01-17T23:59+00:00,25.95USD,new,published,,,,,,,
SHSUP-TB00047_85,"Peppermint CBD Oil - 500MG CBD Isolate - 16.66MG Per ml - Refreshing Flavor, Natural Dietary Supplement - Made in the USA, GMO-Free","Experience pure relaxation with our Peppermint CBD Oil (1500mg/ML) - a potent non-GMO supplement designed to enhance your daily health regimen.",http://localhost/sincehencestore/wp-content/uploads/2024/06/2034983274.png,http://localhost/sincehencestore/product/cbd-oil-single-bottle/,"525","SinceHence Suppliments",59.95USD,in stock,SHSUP-TB00047_85,,,1970-01-29T00:00+00:00/2038-01-17T23:59+00:00,30.95USD,new,published,,,,,,,
SHSUP-TB00048_83,"Metabolism Boost Patches - 30 Patches for Weight Management Support - Fucus Vesiculosus, 5-HTP, Guarana Extract - Vegan, Made in the USA","Find fast relief from leg muscle spasms with our natural Leg Cramp Cream â€“ perfect for athletes or nighttime relief in a convenient 1.7 fl oz size.",http://localhost/sincehencestore/wp-content/uploads/2024/06/5555193993.png,http://localhost/sincehencestore/product/metabolism-boost-patches/,"525","SinceHence Suppliments",44.95USD,in stock,SHSUP-TB00048_83,,,1970-01-29T00:00+00:00/2038-01-17T23:59+00:00,22.95USD,new,published,,,,,,,
SHSUP-TB00049_81,"Advanced Formula for Digestive Aid Cleanse Capsules - Natural Dietary Supplement for Gut Health - Promotes Healthy Digestion and Eases Bloating","Discover Steady Healthâ€™s advanced formula capsules packed with essential nutrients to boost your daily wellness routine. Non-GMO & allergen-free.",http://localhost/sincehencestore/wp-content/uploads/2024/06/6706997252.png,http://localhost/sincehencestore/product/cleanse-capsule-single-bottle/,"525","SinceHence Suppliments",39.95USD,in stock,SHSUP-TB00049_81,,,1970-01-29T00:00+00:00/2038-01-17T23:59+00:00,20.95USD,new,published,,,,,,,
SHSUP-TB00050_79,"Keto BHB Advanced Weight Loss Formula Capsules - Faster Ketosis, Enhanced Fat Burning, Increased Energy - 60 Capsules","Achieve optimal ketosis & support weight loss goals with SweetLifeâ€™s Keto BHB Capsules - premium quality & GMO-free for enhanced energy & focus.",http://localhost/sincehencestore/wp-content/uploads/2024/06/21399609041.png,http://localhost/sincehencestore/product/keto-capsule-single-bottle/,"525","SinceHence Suppliments",49.95USD,in stock,SHSUP-TB00050_79,,,1970-01-29T00:00+00:00/2038-01-17T23:59+00:00,25.95USD,new,published,,,,,,,
